[
  {
    "id": "75568c78-7416-4417-a75c-a124ba041c73",
    "data": [
      {
        "text": "get me video titles",
        "userDefined": false
      }
    ],
    "isTemplate": false,
    "count": 0,
    "updated": 1535703899
  },
  {
    "id": "5e517009-ebcb-45ef-a03f-46e46eb155b6",
    "data": [
      {
        "text": "best videos",
        "userDefined": false
      }
    ],
    "isTemplate": false,
    "count": 0,
    "updated": 1535703899
  },
  {
    "id": "83b657b2-1069-425f-90b6-53cd3f4fe01a",
    "data": [
      {
        "text": "videos",
        "userDefined": false
      }
    ],
    "isTemplate": false,
    "count": 0,
    "updated": 1535703899
  },
  {
    "id": "99e98798-9862-4176-9ade-c64895560cf8",
    "data": [
      {
        "text": "What\u0027s new on Youtube",
        "userDefined": false
      }
    ],
    "isTemplate": false,
    "count": 0,
    "updated": 1535235532
  },
  {
    "id": "af4ba6cd-0233-49f5-adef-8fe316fc73f9",
    "data": [
      {
        "text": "What\u0027s cool on youtube",
        "userDefined": false
      }
    ],
    "isTemplate": false,
    "count": 0,
    "updated": 1535235532
  },
  {
    "id": "40161816-8b6a-4c84-bf91-eab5de4c6ca1",
    "data": [
      {
        "text": "What is hot right now",
        "userDefined": false
      }
    ],
    "isTemplate": false,
    "count": 0,
    "updated": 1535235532
  }
]